{"Electro": [0.0008142704065665744, 0.0007497639044430066, 0.0007198678883529824, 0.0007209911077710711, 0.0007419369474836312, 0.0009385827711835482, 0.00162351958441716, 0.0023349688353112483, 0.0024961653494138592, 0.002512776822852666, 0.0024892931400782546, 0.002631322263640886, 0.0028011028717036318, 0.002808251207923492, 0.002444139405570975, 0.002193238539572417, 0.0020860157078406026, 0.0021349843977136345, 0.0027535039789037103, 0.0031700962799994167, 0.003153832058165241, 0.0029295894921268027, 0.0025677100070151445, 0.0018332201219856898], "Heating": [0.0017351182544290554, 0.001746549980918839, 0.0017486689184390773, 0.0017492736762148105, 0.0017687684695744537, 0.00181185947954291, 0.0019045839798320862, 0.002046326656891311, 0.002125286420440296, 0.0022617103681018083, 0.0020730144826154374, 0.0021875837742316886, 0.0021032539178606493, 0.002097062950965735, 0.0020755964284038184, 0.0021544491701823076, 0.002169615936775166, 0.002113144302208938, 0.0022285547406458044, 0.0023380205728369026, 0.002514224410350964, 0.0022478987282216504, 0.002121817130282071, 0.0020410800981912115]}