{"Electro": [0.05500042195789634, 0.05125259367036192, 0.04950435481017196, 0.04858721454871548, 0.047067477495273846, 0.051473314984846724, 0.051384949372010345, 0.05809506505825435, 0.06014425298596758, 0.06033351829899089, 0.06029645179763575, 0.06050032504168622, 0.0585453075626404, 0.05849172810801387, 0.06089726822392373, 0.06423170032541967, 0.0629305980754822, 0.0612535156359105, 0.06135701234370786, 0.058516041255006736, 0.05453067098712506, 0.0520834096972034, 0.05589329787521697, 0.054930919740580855], "Heating": [0.004340733295139441, 0.0034066839177080426, 0.003366378888977276, 0.0033516407510163475, 0.0037808980898198907, 0.003949375439618327, 0.015389953423772178, 0.012571034535176868, 0.009492780532974561, 0.008388808762191642, 0.008312742841889141, 0.008312949642985162, 0.011677479871724196, 0.008510650878898062, 0.008934737696931417, 0.008498930975952536, 0.008533607999018351, 0.008321510921177293, 0.016075466293369107, 0.009291340606216595, 0.00400381985359295, 0.004580563416498223, 0.0045416830451263475, 0.0032082418717973423]}