{"pv_potential": [0.0, 0.0, 0.0, 0.0, 0.002, 0.02, 0.091, 0.241, 0.266, 0.3, 0.334, 0.432, 0.454, 0.225, 0.374, 0.405, 0.37, 0.19, 0.081, 0.06, 0.0, 0.0, 0.0, 0.0], "powerPlantPotential": [10000, 10000, 10000, 10000, 10000, 10000, 10000, 10000, 10000, 10000, 10000, 10000, 10000, 10000, 10000, 10000, 10000, 10000, 10000, 10000, 10000, 10000, 10000, 10000], "gasPotential": [2000000, 2000000, 2000000, 2000000, 2000000, 2000000, 2000000, 2000000, 2000000, 2000000, 2000000, 2000000, 2000000, 2000000, 2000000, 2000000, 2000000, 2000000, 2000000, 2000000, 2000000, 2000000, 2000000, 2000000], "heatingOil": [1500000, 1500000, 1500000, 1500000, 1500000, 1500000, 1500000, 1500000, 1500000, 1500000, 1500000, 1500000, 1500000, 1500000, 1500000, 1500000, 1500000, 1500000, 1500000, 1500000, 1500000, 1500000, 1500000, 1500000], "districtHeatingPotential": [0.05500042195789634, 0.05125259367036192, 0.04950435481017196, 0.04858721454871548, 0.047067477495273846, 0.051473314984846724, 0.051384949372010345, 0.05809506505825435, 0.06014425298596758, 0.06033351829899089, 0.06029645179763575, 0.06050032504168622, 0.0585453075626404, 0.05849172810801387, 0.06089726822392373, 0.06423170032541967, 0.0629305980754822, 0.0612535156359105, 0.06135701234370786, 0.058516041255006736, 0.05453067098712506, 0.0520834096972034, 0.05589329787521697, 0.054930919740580855]}