{"Electro": [0.000819132078745982, 0.0008663883159350658, 0.0008695148833551055, 0.0016105705091804458, 0.004955968947659546, 0.001571368928197217, 0.001097271799303983, 0.0010182521161937058, 0.0009662115706781402, 0.0010009878191440857, 0.005054080476172226, 0.0015899318144293978, 0.000917410930809272, 0.0008796748504973238, 0.0012229660644717461, 0.001936056204367147, 0.005831037499553577, 0.006308189584294256, 0.0027989441820096854, 0.0013485310904754444, 0.0012640506161310018, 0.0007820293274090325, 0.000732338229021252, 0.000735130927550377], "Heating": [0.007001196922030968, 0.007430403116847161, 0.007373016094977409, 0.0050247199807457186, 0.001230822777854448, 0.000966199338555389, 0.0003869249898075737, 0.00018854775153842392, 0.00011526109656117492, 0.00011445990903088478, 0.00010999777716925298, 0.00011245083809402919, 0.00013827511745788672, 0.00019124639909678292, 0.0001900078099049402, 0.00019769391856447032, 0.0001832952535619044, 8.870169374024521e-05, 0.0007807706171476614, 0.0014667240946037677, 0.0012929319566497843, 0.0025170720264161553, 0.0038688021212694855, 0.003893826838078186]}