{"Electro": [0.004234136431673896, 0.004197904117563538, 0.004216939720337828, 0.004196789851944648, 0.004194238722453796, 0.004173153595248703, 0.0048232956332692895, 0.00856315908413158, 0.01738593323082156, 0.021911255573308402, 0.022331048778946348, 0.02231262569803548, 0.023105466590163125, 0.02326568756823038, 0.023365493513909777, 0.02297066586065812, 0.022778856409871907, 0.022073677345127097, 0.018042131146105027, 0.011714443263323125, 0.009561002730798683, 0.00791457742492993, 0.005866468220103744, 0.004335935534061968], "Heating": [0.001131532590402061, 0.0011654096665326043, 0.0011737228286033204, 0.0011579399662305658, 0.001203534988035253, 0.001212408648403406, 0.0011898802341749756, 0.0015181168320794085, 0.0015878321734438747, 0.0015439226296067986, 0.00141791123170716, 0.0014352391286928854, 0.0013697395459432364, 0.001357828709846789, 0.0013878486063823516, 0.0013801579556165615, 0.001391734364840484, 0.0013858281872222878, 0.0013431999479068227, 0.0014442193752283487, 0.0014286252843217345, 0.0013644144561582583, 0.0012054506035662539, 0.0012117833429883544]}