{"Electro": [11.542532129604911, 11.655363303341337, 13.262895278515716, 17.832242635426997, 17.747370066389976, 18.905132874285556, 23.44377529706566, 29.777790610684875, 33.419942302273164, 33.820050305036204, 33.407967490560736, 33.591856806565836, 37.399670816888005, 31.479355175763843, 34.535363749022146, 34.34489042844662, 31.194505325111535, 28.562310713285385, 25.321688527486856, 24.831050781689434, 26.953245250722073, 25.607639532896712, 22.485999228036295, 19.05435694416579], "Heating": [2.181606796250699, 3.435434711880684, 1.7935704330503621, 2.472745966276432, 3.005761853776658, 4.431661854428779, 8.046720395246995, 8.266649230692265, 5.198176708274037, 2.408540992045996, 2.1332464630655177, 1.4356656075872867, 1.5823832837241527, 1.8822074124443022, 1.8111812406525951, 2.337517976336639, 2.2482237398587492, 2.9218357265057646, 2.595083860720247, 1.7842802894787033, 4.142828826770457, 3.3162473429963844, 3.923169880758981, 2.497258199530727]}