{
  "Electro": [
    0.011542532129604911,
    0.011655363303341337,
    0.013262895278515716,
    0.017832242635426997,
    0.017747370066389975,
    0.018905132874285555,
    0.02344377529706566,
    0.029777790610684876,
    0.033419942302273166,
    0.0338200503050362,
    0.033407967490560735,
    0.03359185680656584,
    0.037399670816888005,
    0.03147935517576384,
    0.03453536374902215,
    0.03434489042844662,
    0.031194505325111536,
    0.028562310713285386,
    0.025321688527486855,
    0.024831050781689436,
    0.026953245250722072,
    0.02560763953289671,
    0.022485999228036294,
    0.01905435694416579
  ],
  "Heating": [
    0.002181606796250699,
    0.003435434711880684,
    0.001793570433050362,
    0.002472745966276432,
    0.003005761853776658,
    0.004431661854428779,
    0.008046720395246995,
    0.008266649230692265,
    0.005198176708274037,
    0.002408540992045996,
    0.002133246463065518,
    0.0014356656075872867,
    0.0015823832837241528,
    0.0018822074124443021,
    0.001811181240652595,
    0.002337517976336639,
    0.002248223739858749,
    0.0029218357265057646,
    0.002595083860720247,
    0.0017842802894787032,
    0.004142828826770457,
    0.0033162473429963844,
    0.003923169880758981,
    0.002497258199530727
  ]
}