{"Electro": [0.8142704065665745, 0.7497639044430066, 0.7198678883529824, 0.7209911077710711, 0.7419369474836311, 0.9385827711835482, 1.62351958441716, 2.334968835311248, 2.496165349413859, 2.512776822852666, 2.4892931400782548, 2.6313222636408864, 2.8011028717036317, 2.808251207923492, 2.444139405570975, 2.193238539572417, 2.0860157078406028, 2.1349843977136347, 2.7535039789037103, 3.1700962799994166, 3.153832058165241, 2.929589492126803, 2.5677100070151444, 1.8332201219856898], "Heating": [1.7351182544290553, 1.746549980918839, 1.7486689184390773, 1.7492736762148104, 1.7687684695744537, 1.81185947954291, 1.9045839798320863, 2.046326656891311, 2.125286420440296, 2.2617103681018085, 2.0730144826154375, 2.1875837742316886, 2.1032539178606493, 2.0970629509657353, 2.075596428403818, 2.1544491701823074, 2.1696159367751657, 2.113144302208938, 2.2285547406458046, 2.3380205728369026, 2.514224410350964, 2.2478987282216503, 2.121817130282071, 2.0410800981912116]}