{
  "pv_potential": [
    0.0,
    0.0,
    0.0,
    0.0,
    0.002,
    0.02,
    0.091,
    0.241,
    0.266,
    0.3,
    0.334,
    0.432,
    0.454,
    0.225,
    0.374,
    0.405,
    0.37,
    0.19,
    0.081,
    0.06,
    0.0,
    0.0,
    0.0,
    0.0
  ],
  "powerPlantPotential": [
    10000,
    10000,
    10000,
    10000,
    10000,
    10000,
    10000,
    10000,
    10000,
    10000,
    10000,
    10000,
    10000,
    10000,
    10000,
    10000,
    10000,
    10000,
    10000,
    10000,
    10000,
    10000,
    10000,
    10000
  ],
  "gasPotential": [
    2000000,
    2000000,
    2000000,
    2000000,
    2000000,
    2000000,
    2000000,
    2000000,
    2000000,
    2000000,
    2000000,
    2000000,
    2000000,
    2000000,
    2000000,
    2000000,
    2000000,
    2000000,
    2000000,
    2000000,
    2000000,
    2000000,
    2000000,
    2000000
  ],
  "heatingOil": [
    1500000,
    1500000,
    1500000,
    1500000,
    1500000,
    1500000,
    1500000,
    1500000,
    1500000,
    1500000,
    1500000,
    1500000,
    1500000,
    1500000,
    1500000,
    1500000,
    1500000,
    1500000,
    1500000,
    1500000,
    1500000,
    1500000,
    1500000,
    1500000
  ],
  "districtHeatingPotential": [
    0.005500042195789635,
    0.005125259367036192,
    0.004950435481017196,
    0.004858721454871548,
    0.004706747749527385,
    0.005147331498484673,
    0.005138494937201035,
    0.005809506505825435,
    0.006014425298596759,
    0.00603335182989909,
    0.006029645179763576,
    0.006050032504168622,
    0.00585453075626404,
    0.0058491728108013875,
    0.006089726822392373,
    0.006423170032541967,
    0.006293059807548219,
    0.00612535156359105,
    0.006135701234370787,
    0.005851604125500674,
    0.005453067098712506,
    0.005208340969720341,
    0.005589329787521698,
    0.005493091974058086
  ]
}