{"Electro": [57.781849805602064, 60.98325954034951, 58.3576186903931, 56.51238050925584, 57.649262033157804, 57.69513262760466, 55.42488848176131, 35.70720943071141, 41.34711623415722, 35.35966121195842, 40.769517568214724, 45.80052245941233, 40.47682468734945, 34.41708288131921, 37.168390695360394, 37.25287958807492, 33.356285168533724, 35.140559713796904, 30.344780192472964, 26.765397516252435, 28.17002905630221, 27.285091428966716, 27.663024406294802, 27.490565703931626], "Heating": [4.649822019671138, 4.579541824796822, 4.508121768800114, 4.575104695801013, 4.931835029005053, 5.018864281620637, 16.14257997458637, 13.187197058211325, 8.876907472521616, 7.686875222881492, 7.7222227025937284, 7.6249543488105855, 9.151799379088752, 7.076991303236951, 7.118368024980564, 6.85425295087103, 7.849511911991633, 7.416586556333506, 14.002253785889318, 10.05826650974288, 4.842347189544878, 5.246755607712512, 4.442845196941156, 3.8708754016450047]}