{"pv_potential": [0.0, 0.0, 0.0, 0.0, 0.0, 0.0, 0.0, 0.005, 0.064, 0.181, 0.314, 0.33, 0.244, 0.262, 0.174, 0.086, 0.026, 0.0, 0.0, 0.0, 0.0, 0.0, 0.0, 0.0], "powerPlantPotential": [10000, 10000, 10000, 10000, 10000, 10000, 10000, 10000, 10000, 10000, 10000, 10000, 10000, 10000, 10000, 10000, 10000, 10000, 10000, 10000, 10000, 10000, 10000, 10000], "gasPotential": [2000000, 2000000, 2000000, 2000000, 2000000, 2000000, 2000000, 2000000, 2000000, 2000000, 2000000, 2000000, 2000000, 2000000, 2000000, 2000000, 2000000, 2000000, 2000000, 2000000, 2000000, 2000000, 2000000, 2000000], "heatingOil": [1500000, 1500000, 1500000, 1500000, 1500000, 1500000, 1500000, 1500000, 1500000, 1500000, 1500000, 1500000, 1500000, 1500000, 1500000, 1500000, 1500000, 1500000, 1500000, 1500000, 1500000, 1500000, 1500000, 1500000], "districtHeatingPotential": [5.778184980560207, 6.0983259540349515, 5.8357618690393105, 5.651238050925585, 5.764926203315781, 5.769513262760466, 5.542488848176131, 3.570720943071141, 4.134711623415722, 3.535966121195842, 4.076951756821472, 4.580052245941233, 4.047682468734945, 3.441708288131921, 3.7168390695360394, 3.725287958807492, 3.3356285168533724, 3.5140559713796904, 3.0344780192472967, 2.676539751625244, 2.817002905630221, 2.7285091428966717, 2.7663024406294805, 2.749056570393163]}