{"Electro": [5.410991728839763, 5.441239926518451, 5.449482296185811, 5.458304765923572, 5.426653051102475, 5.457786721130809, 6.487463516308582, 11.156558311225632, 24.017965719108947, 30.90788557098856, 30.50624823423823, 31.916485072359965, 31.36979891025173, 31.646504780191098, 31.80482337832246, 31.58446104035896, 32.08612795725799, 29.42897872111612, 25.067175004599438, 15.881983895126892, 13.234310484526157, 10.400096399362289, 7.318291319931569, 5.1966853670029005], "Heating": [8.607427656635455, 8.969779804581604, 9.873521059672182, 10.591358875640305, 10.152021775076049, 12.477562004539685, 16.12568583223857, 23.24408607765031, 23.062934542747737, 18.91052766358047, 17.44223940061828, 16.524245867964375, 15.033447842482756, 15.390830323328572, 16.170570628445997, 17.29288658862665, 17.618557302772302, 18.845149591769285, 19.162792316997148, 18.702759334667622, 16.68131574872804, 13.869225263816585, 8.827292375262083, 8.7888076360793]}