{
  "Electro": [
    8.027438260487774,
    8.042652072441426,
    8.814844799655773,
    11.468423133107388,
    11.59210171065352,
    12.142470874912968,
    13.031401478625675,
    14.437044241123923,
    16.436298380023167,
    15.982459675505593,
    15.790037665392811,
    15.207802198111018,
    14.97370695419464,
    15.004885078530723,
    14.724115249698418,
    13.82828581578552,
    12.829094655317459,
    12.748129266940772,
    12.832766635969909,
    12.771841475708092,
    12.653609211137372,
    12.344157302023573,
    12.249989567156353,
    10.769681054755877
  ],
  "Heating": [
    10.502629998709798,
    11.79407099062499,
    11.636404797931815,
    15.83833452422754,
    19.009100499236343,
    19.814965344905193,
    21.936305498317456,
    21.843993137199995,
    21.001823201500788,
    19.20594873281727,
    16.932104594509514,
    16.426280602239732,
    15.1119379083585,
    15.821905290257853,
    15.557476364435784,
    16.56447181495949,
    17.690961547928758,
    17.921405001277794,
    18.744453592401825,
    17.14423036456293,
    17.934545550366547,
    17.376205740420748,
    17.85624152125119,
    17.203682292788436
  ]
}