{"Electro": [1.416285363168418, 1.3172748591206802, 1.1896032169032853, 1.1092113904514922, 1.123880549666194, 1.2760762376216215, 1.3722774876054906, 2.510875377111582, 3.513713327204183, 3.888519929538432, 4.1784350094435405, 4.689408594559189, 4.869367233053392, 4.787949766938636, 4.285405491041141, 4.031551049741068, 4.026894152775702, 4.109003068039667, 4.8656134354669165, 5.098098264420891, 4.944226528346517, 4.089545831198262, 3.184111487998274, 2.217604488691541], "Heating": [13.927706426670738, 14.283202327856769, 15.53508489505868, 17.498476312784184, 17.161518843121215, 24.960253986096703, 35.86564758557415, 33.38221781872519, 28.610704280700293, 25.319202860978287, 22.555899190687562, 22.2878939181104, 21.382409691442398, 20.670872259604643, 21.30297160509417, 22.431771381331775, 24.19941659103182, 28.56706415494805, 29.524873068144796, 31.250900599335516, 31.56896879874413, 29.207434568608107, 18.82437330420742, 16.49035234320988]}