{"Electro": [0.774876719745726, 0.7556628923369267, 0.7805199648939798, 0.998631906101162, 3.11433811951712, 6.352835854948154, 2.7777924914178262, 1.6642427680598606, 1.6243138625892526, 1.5415902022632213, 1.6784788721016048, 5.14921629495645, 2.1390355681559385, 1.6641486773501166, 1.6799886870874081, 1.7529047044104982, 2.9051950650218425, 6.893315356262902, 7.398993734273359, 2.7688808669364793, 1.3974232630552192, 1.2116257358083333, 0.7706915424049872, 0.7975160427403973], "Heating": [33.07297785800069, 35.09308399445805, 36.37965618405075, 37.680589530351845, 35.02784716330018, 34.73422025899706, 36.48300032404697, 36.648663595936235, 32.55458656451371, 28.73191161695604, 22.315526445987494, 21.38177119693605, 20.235735064016882, 20.92142787544773, 22.449768312550898, 24.049310697052572, 24.30635265489442, 27.975317976655983, 29.357639950216825, 32.730839619385826, 33.58390676000821, 33.73043751608159, 34.901259950256474, 33.28655060852554]}