{"Electro": [55.000421957896336, 51.25259367036192, 49.50435481017196, 48.58721454871548, 47.06747749527385, 51.47331498484672, 51.38494937201035, 58.09506505825435, 60.14425298596758, 60.33351829899089, 60.29645179763575, 60.50032504168622, 58.545307562640396, 58.49172810801387, 60.89726822392373, 64.23170032541967, 62.930598075482195, 61.253515635910496, 61.357012343707865, 58.51604125500673, 54.530670987125056, 52.0834096972034, 55.89329787521697, 54.930919740580855], "Heating": [4.340733295139441, 3.4066839177080426, 3.366378888977276, 3.3516407510163475, 3.7808980898198907, 3.949375439618327, 15.389953423772178, 12.571034535176867, 9.492780532974562, 8.388808762191642, 8.312742841889142, 8.312949642985162, 11.677479871724195, 8.510650878898062, 8.934737696931418, 8.498930975952536, 8.53360799901835, 8.321510921177293, 16.075466293369107, 9.291340606216595, 4.00381985359295, 4.580563416498223, 4.541683045126347, 3.2082418717973424]}