{"pv_potential": [0.0, 0.0, 0.0, 0.0, 0.3, 3.0, 13.649999999999999, 36.14999999999999, 39.9, 45.00000000000001, 50.099999999999994, 64.80000000000001, 68.1, 33.75, 56.099999999999994, 60.75, 55.5, 28.499999999999996, 12.149999999999999, 9.0, 0.0, 0.0, 0.0, 0.0], "powerPlantPotential": [10000, 10000, 10000, 10000, 10000, 10000, 10000, 10000, 10000, 10000, 10000, 10000, 10000, 10000, 10000, 10000, 10000, 10000, 10000, 10000, 10000, 10000, 10000, 10000], "gasPotential": [20000, 20000, 20000, 20000, 20000, 20000, 20000, 20000, 20000, 20000, 20000, 20000, 20000, 20000, 20000, 20000, 20000, 20000, 20000, 20000, 20000, 20000, 20000, 20000], "heatingOil": [15000, 15000, 15000, 15000, 15000, 15000, 15000, 15000, 15000, 15000, 15000, 15000, 15000, 15000, 15000, 15000, 15000, 15000, 15000, 15000, 15000, 15000, 15000, 15000]}