{"pv_potential": [0.0, 0.0, 0.0, 0.0, 0.002, 0.02, 0.091, 0.241, 0.266, 0.3, 0.334, 0.432, 0.454, 0.225, 0.374, 0.405, 0.37, 0.19, 0.081, 0.06, 0.0, 0.0, 0.0, 0.0], "powerPlantPotential": [10000, 10000, 10000, 10000, 10000, 10000, 10000, 10000, 10000, 10000, 10000, 10000, 10000, 10000, 10000, 10000, 10000, 10000, 10000, 10000, 10000, 10000, 10000, 10000], "gasPotential": [2000000, 2000000, 2000000, 2000000, 2000000, 2000000, 2000000, 2000000, 2000000, 2000000, 2000000, 2000000, 2000000, 2000000, 2000000, 2000000, 2000000, 2000000, 2000000, 2000000, 2000000, 2000000, 2000000, 2000000], "heatingOil": [1500000, 1500000, 1500000, 1500000, 1500000, 1500000, 1500000, 1500000, 1500000, 1500000, 1500000, 1500000, 1500000, 1500000, 1500000, 1500000, 1500000, 1500000, 1500000, 1500000, 1500000, 1500000, 1500000, 1500000], "districtHeatingPotential": [5.500042195789634, 5.125259367036192, 4.950435481017196, 4.8587214548715485, 4.706747749527385, 5.1473314984846725, 5.138494937201035, 5.809506505825436, 6.014425298596759, 6.03335182989909, 6.029645179763575, 6.050032504168622, 5.85453075626404, 5.849172810801387, 6.0897268223923735, 6.423170032541967, 6.29305980754822, 6.12535156359105, 6.135701234370787, 5.851604125500674, 5.453067098712506, 5.20834096972034, 5.589329787521698, 5.4930919740580855]}