{"Electro": [0.819132078745982, 0.8663883159350658, 0.8695148833551055, 1.6105705091804459, 4.955968947659546, 1.571368928197217, 1.0972717993039829, 1.0182521161937057, 0.9662115706781402, 1.0009878191440857, 5.054080476172226, 1.5899318144293977, 0.917410930809272, 0.8796748504973239, 1.2229660644717462, 1.936056204367147, 5.831037499553577, 6.308189584294256, 2.798944182009685, 1.3485310904754444, 1.2640506161310017, 0.7820293274090324, 0.732338229021252, 0.735130927550377], "Heating": [7.001196922030968, 7.4304031168471605, 7.373016094977409, 5.024719980745719, 1.230822777854448, 0.966199338555389, 0.3869249898075737, 0.18854775153842393, 0.11526109656117492, 0.11445990903088478, 0.10999777716925298, 0.11245083809402918, 0.13827511745788673, 0.19124639909678293, 0.19000780990494018, 0.19769391856447033, 0.1832952535619044, 0.08870169374024521, 0.7807706171476614, 1.4667240946037676, 1.2929319566497843, 2.5170720264161552, 3.8688021212694856, 3.8938268380781857]}