{"Electro": [4.234136431673896, 4.197904117563538, 4.216939720337828, 4.196789851944648, 4.194238722453796, 4.173153595248704, 4.823295633269289, 8.563159084131579, 17.38593323082156, 21.911255573308402, 22.331048778946347, 22.31262569803548, 23.105466590163125, 23.26568756823038, 23.365493513909776, 22.97066586065812, 22.778856409871906, 22.0736773451271, 18.042131146105028, 11.714443263323124, 9.561002730798682, 7.914577424929931, 5.866468220103744, 4.335935534061968], "Heating": [1.131532590402061, 1.1654096665326044, 1.1737228286033203, 1.1579399662305658, 1.203534988035253, 1.212408648403406, 1.1898802341749755, 1.5181168320794085, 1.5878321734438747, 1.5439226296067987, 1.41791123170716, 1.4352391286928854, 1.3697395459432364, 1.357828709846789, 1.3878486063823516, 1.3801579556165615, 1.3917343648404839, 1.3858281872222877, 1.3431999479068226, 1.4442193752283488, 1.4286252843217346, 1.3644144561582583, 1.205450603566254, 1.2117833429883544]}