{"Electro": [0.008027438260487773, 0.008042652072441425, 0.008814844799655773, 0.011468423133107388, 0.01159210171065352, 0.012142470874912967, 0.013031401478625675, 0.014437044241123922, 0.016436298380023168, 0.015982459675505593, 0.01579003766539281, 0.015207802198111018, 0.01497370695419464, 0.015004885078530723, 0.014724115249698418, 0.01382828581578552, 0.01282909465531746, 0.012748129266940772, 0.01283276663596991, 0.012771841475708092, 0.012653609211137371, 0.012344157302023573, 0.012249989567156352, 0.010769681054755877], "Heating": [0.010502629998709798, 0.01179407099062499, 0.011636404797931816, 0.01583833452422754, 0.019009100499236344, 0.01981496534490519, 0.021936305498317456, 0.021843993137199993, 0.021001823201500788, 0.01920594873281727, 0.016932104594509514, 0.016426280602239732, 0.0151119379083585, 0.015821905290257853, 0.015557476364435784, 0.01656447181495949, 0.01769096154792876, 0.017921405001277795, 0.018744453592401827, 0.01714423036456293, 0.017934545550366547, 0.017376205740420748, 0.01785624152125119, 0.017203682292788437]}