{"Electro": [0.001416285363168418, 0.0013172748591206802, 0.0011896032169032853, 0.0011092113904514922, 0.0011238805496661941, 0.0012760762376216215, 0.0013722774876054906, 0.002510875377111582, 0.003513713327204183, 0.003888519929538432, 0.004178435009443541, 0.004689408594559189, 0.004869367233053392, 0.004787949766938636, 0.004285405491041141, 0.004031551049741068, 0.004026894152775701, 0.004109003068039667, 0.004865613435466916, 0.005098098264420891, 0.004944226528346517, 0.004089545831198262, 0.003184111487998274, 0.002217604488691541], "Heating": [0.013927706426670738, 0.014283202327856768, 0.015535084895058681, 0.017498476312784183, 0.017161518843121216, 0.024960253986096703, 0.03586564758557415, 0.03338221781872519, 0.028610704280700294, 0.025319202860978288, 0.02255589919068756, 0.0222878939181104, 0.021382409691442398, 0.020670872259604643, 0.021302971605094173, 0.022431771381331775, 0.02419941659103182, 0.02856706415494805, 0.029524873068144795, 0.03125090059933552, 0.03156896879874413, 0.029207434568608106, 0.018824373304207418, 0.01649035234320988]}