{"Electro": [0.05778184980560207, 0.060983259540349506, 0.058357618690393104, 0.05651238050925584, 0.0576492620331578, 0.05769513262760466, 0.05542488848176131, 0.03570720943071141, 0.04134711623415722, 0.03535966121195842, 0.04076951756821472, 0.04580052245941233, 0.04047682468734945, 0.03441708288131921, 0.0371683906953604, 0.03725287958807492, 0.03335628516853372, 0.035140559713796905, 0.030344780192472963, 0.026765397516252436, 0.02817002905630221, 0.027285091428966717, 0.0276630244062948, 0.027490565703931626], "Heating": [0.004649822019671138, 0.0045795418247968215, 0.004508121768800114, 0.004575104695801013, 0.0049318350290050526, 0.005018864281620637, 0.016142579974586367, 0.013187197058211324, 0.008876907472521615, 0.007686875222881492, 0.007722222702593729, 0.007624954348810585, 0.009151799379088752, 0.007076991303236951, 0.0071183680249805635, 0.006854252950871029, 0.007849511911991633, 0.007416586556333506, 0.014002253785889318, 0.010058266509742881, 0.0048423471895448775, 0.005246755607712512, 0.004442845196941156, 0.0038708754016450048]}