{"pv_potential": [0.0, 0.0, 0.0, 0.0, 0.0, 0.0, 0.0, 0.005, 0.064, 0.181, 0.314, 0.33, 0.244, 0.262, 0.174, 0.086, 0.026, 0.0, 0.0, 0.0, 0.0, 0.0, 0.0, 0.0], "powerPlantPotential": [10000, 10000, 10000, 10000, 10000, 10000, 10000, 10000, 10000, 10000, 10000, 10000, 10000, 10000, 10000, 10000, 10000, 10000, 10000, 10000, 10000, 10000, 10000, 10000], "gasPotential": [2000000, 2000000, 2000000, 2000000, 2000000, 2000000, 2000000, 2000000, 2000000, 2000000, 2000000, 2000000, 2000000, 2000000, 2000000, 2000000, 2000000, 2000000, 2000000, 2000000, 2000000, 2000000, 2000000, 2000000], "heatingOil": [1500000, 1500000, 1500000, 1500000, 1500000, 1500000, 1500000, 1500000, 1500000, 1500000, 1500000, 1500000, 1500000, 1500000, 1500000, 1500000, 1500000, 1500000, 1500000, 1500000, 1500000, 1500000, 1500000, 1500000], "districtHeatingPotential": [0.05778184980560207, 0.060983259540349506, 0.058357618690393104, 0.05651238050925584, 0.0576492620331578, 0.05769513262760466, 0.05542488848176131, 0.03570720943071141, 0.04134711623415722, 0.03535966121195842, 0.04076951756821472, 0.04580052245941233, 0.04047682468734945, 0.03441708288131921, 0.0371683906953604, 0.03725287958807492, 0.03335628516853372, 0.035140559713796905, 0.030344780192472963, 0.026765397516252436, 0.02817002905630221, 0.027285091428966717, 0.0276630244062948, 0.027490565703931626]}