{"Electro": [0.000774876719745726, 0.0007556628923369267, 0.0007805199648939797, 0.000998631906101162, 0.0031143381195171196, 0.006352835854948154, 0.0027777924914178264, 0.0016642427680598605, 0.0016243138625892527, 0.0015415902022632214, 0.0016784788721016049, 0.005149216294956451, 0.0021390355681559386, 0.0016641486773501166, 0.0016799886870874081, 0.0017529047044104983, 0.0029051950650218427, 0.0068933153562629025, 0.0073989937342733595, 0.0027688808669364792, 0.0013974232630552192, 0.0012116257358083333, 0.0007706915424049871, 0.0007975160427403973], "Heating": [0.03307297785800069, 0.03509308399445805, 0.03637965618405075, 0.037680589530351846, 0.03502784716330018, 0.03473422025899706, 0.03648300032404697, 0.036648663595936236, 0.03255458656451371, 0.02873191161695604, 0.022315526445987496, 0.02138177119693605, 0.020235735064016883, 0.02092142787544773, 0.022449768312550897, 0.024049310697052573, 0.024306352654894423, 0.027975317976655985, 0.029357639950216827, 0.032730839619385825, 0.03358390676000821, 0.03373043751608159, 0.034901259950256475, 0.03328655060852554]}