{"Electro": [0.005410991728839763, 0.005441239926518451, 0.0054494822961858105, 0.005458304765923572, 0.005426653051102475, 0.005457786721130809, 0.0064874635163085816, 0.011156558311225633, 0.024017965719108948, 0.03090788557098856, 0.030506248234238233, 0.03191648507235997, 0.03136979891025173, 0.0316465047801911, 0.03180482337832246, 0.03158446104035896, 0.032086127957257994, 0.02942897872111612, 0.02506717500459944, 0.01588198389512689, 0.013234310484526156, 0.010400096399362289, 0.007318291319931568, 0.005196685367002901], "Heating": [0.008607427656635455, 0.008969779804581603, 0.009873521059672182, 0.010591358875640305, 0.01015202177507605, 0.012477562004539686, 0.01612568583223857, 0.023244086077650307, 0.023062934542747736, 0.01891052766358047, 0.01744223940061828, 0.016524245867964374, 0.015033447842482756, 0.015390830323328572, 0.016170570628446, 0.01729288658862665, 0.017618557302772304, 0.018845149591769285, 0.01916279231699715, 0.018702759334667623, 0.01668131574872804, 0.013869225263816586, 0.008827292375262082, 0.0087888076360793]}