{
  "pv_potential": [
    0.0,
    0.0,
    0.0,
    0.0,
    0.0,
    0.0,
    0.0,
    0.005,
    0.064,
    0.181,
    0.314,
    0.33,
    0.244,
    0.262,
    0.174,
    0.086,
    0.026,
    0.0,
    0.0,
    0.0,
    0.0,
    0.0,
    0.0,
    0.0
  ],
  "powerPlantPotential": [
    10000,
    10000,
    10000,
    10000,
    10000,
    10000,
    10000,
    10000,
    10000,
    10000,
    10000,
    10000,
    10000,
    10000,
    10000,
    10000,
    10000,
    10000,
    10000,
    10000,
    10000,
    10000,
    10000,
    10000
  ],
  "heatingOil": [
    1500000,
    1500000,
    1500000,
    1500000,
    1500000,
    1500000,
    1500000,
    1500000,
    1500000,
    1500000,
    1500000,
    1500000,
    1500000,
    1500000,
    1500000,
    1500000,
    1500000,
    1500000,
    1500000,
    1500000,
    1500000,
    1500000,
    1500000,
    1500000
  ],
  "districtHeatingPotential": [
    0.005778184980560207,
    0.006098325954034951,
    0.005835761869039311,
    0.005651238050925584,
    0.005764926203315781,
    0.005769513262760467,
    0.005542488848176132,
    0.003570720943071141,
    0.004134711623415722,
    0.0035359661211958418,
    0.004076951756821472,
    0.004580052245941233,
    0.004047682468734945,
    0.003441708288131921,
    0.0037168390695360397,
    0.003725287958807492,
    0.0033356285168533724,
    0.0035140559713796905,
    0.0030344780192472966,
    0.0026765397516252437,
    0.002817002905630221,
    0.002728509142896672,
    0.0027663024406294804,
    0.002749056570393163
  ]
}